Date/Time,Time Interval (Seconds),0A0 mm,0A1 mm,0A2 mBar,0A3 V
2018-05-29 17:03:14.594469,0.0002,163.29873348185674,257.5109836115604,595.2399670400098,2.6837069002349927
2018-05-29 17:03:16.596337,2.0021,303.0748741111484,220.39422589800714,89.9432966093936,2.35994701986755
2018-05-29 17:03:18.596334,4.0022,177.68042237617115,89.7402386547441,103.94372386852626,2.1306900234992523
2018-05-29 17:03:20.596314,6.002000000000001,139.86989349040192,19.594347972045046,0.5030671102023376,1.2785390179143652
2018-05-29 17:03:22.596312,8.002,37.426142155217136,32.5697439497055,512.1124301889096,1.4139181493575854
2018-05-29 17:03:24.596365,10.0021,102.43437604907376,140.07614978484452,257.0733970152898,2.1746913663136693
2018-05-29 17:03:26.596325,12.0021,14.391064180425428,217.86289864803004,317.4814905240028,3.6819873653370774
2018-05-29 17:03:28.596341,14.0022,35.70108951078829,54.254780724509416,713.7123325296792,3.8886186712240978
2018-05-29 17:03:30.596348,16.0022,190.0558000427259,77.52424085207679,551.9886471144749,0.4442635578478347
2018-05-29 17:03:32.596336,18.0021,118.13798028504287,82.82127750480666,376.29578539384136,1.8889326456495867
2018-05-29 17:03:34.596350,20.0022,254.520267342143,291.2620136112552,303.2623065889462,2.2970701010162666
2018-05-29 17:03:36.596340,22.0022,68.81460005493332,242.99804071169163,-39.74816125980407,0.21663161107211526
2018-05-29 17:03:38.596330,24.0021,98.75926389355143,248.23882564775536,216.41590624713888,2.080188482314524
2018-05-29 17:03:40.596325,26.0021,23.278835413678397,238.30102237006744,-51.96728415784173,0.9051526230658895
2018-05-29 17:03:42.596329,28.0021,94.14662312692649,135.00411999877926,-15.372417371135597,0.3626360667744988
2018-05-29 17:03:44.595462,30.0013,59.38306222724082,110.08460951567126,651.2416760765404,3.9718712118900115
2018-05-29 17:03:46.596331,32.0021,209.72515030365918,43.116940824610126,407.359233375042,3.0390927457502976
2018-05-29 17:03:48.596334,34.0022,155.36724143192848,116.25354777672658,584.427137058626,3.6069850764488667
2018-05-29 17:03:50.596339,36.0021,296.32466811120946,193.89029206213567,749.838435010834,1.5432970976897489
2018-05-29 17:03:52.596341,38.0021,89.8808679464095,280.3585558641316,498.83077486495563,2.624080080568865
2018-05-29 17:03:54.596350,40.0022,233.89463789788508,110.29086581011383,900.1242713705863,3.8043661000396742
2018-05-29 17:03:56.596341,42.0021,203.19995117038485,201.38114566484572,738.2443311868649,4.050748619037447
2018-05-29 17:03:58.596335,44.0021,93.24659566026796,229.97576830347606,-23.02890102847377,1.50567094943083
2018-05-29 17:04:00.596341,46.0022,24.253865169225136,292.51830195013275,349.0137028107547,1.759178685872982
2018-05-29 17:04:02.596336,48.0021,119.86303292947173,42.010657063509015,758.2449415570544,3.918994598223823
2018-05-29 17:04:04.596342,50.0021,146.3669667653432,81.85562303537095,-69.62407300027466,2.374947477645192
2018-05-29 17:04:06.596351,52.0022,90.34963225196081,185.68691671498763,354.45136875515,2.3120705587939088
2018-05-29 17:04:08.596336,54.0021,164.9956602679525,294.8527481917783,98.06854457228309,2.7318333689382612
2018-05-29 17:04:10.596328,56.0021,285.40245979186375,1.4062929166539506,578.926969206824,2.7353334757530443
2018-05-29 17:04:12.596341,58.0022,90.91214941862239,4.406384472182379,508.2998138370922,2.450074770348216
2018-05-29 17:04:14.596337,60.0021,80.28057496871853,45.71389507736442,234.38520462660603,3.813991393780328
2018-05-29 17:04:16.596342,62.0022,18.834949797051912,249.12947782830287,250.4794457838679,3.9703711661122476
2018-05-29 17:04:18.596342,64.0022,244.67621692556534,266.8300180059206,621.5220191045869,0.7478978240302744
2018-05-29 17:04:20.596351,66.0022,65.05511032441176,184.48688009277626,111.78771324808497,0.5835178075502793
2018-05-29 17:04:22.596338,68.0021,174.47407452620013,298.1903500473037,557.1763054292428,0.9542791222876675
2018-05-29 17:04:24.596330,70.0021,278.07098605304117,131.31025727103489,124.94436475722526,4.086874721518601
2018-05-29 17:04:26.596335,72.0021,93.14346751304666,152.21714529862362,-11.809808648945591,2.33619629505295
2018-05-29 17:04:28.596338,74.0021,10.106558427686391,291.8620319223609,923.5312356944487,3.91074434644612
2018-05-29 17:04:30.596342,76.0022,247.02003845332194,174.10843836787012,913.093417157506,1.9314339426862395
2018-05-29 17:04:32.596326,78.0021,170.8927152317881,90.88402356028932,739.4943693350017,1.8675569933164466
2018-05-29 17:04:34.596338,80.0021,120.29429609057894,200.3686147648549,199.16537980285045,2.0675630970183416
2018-05-29 17:04:36.596329,82.0021,89.57148350474563,26.325803399761956,842.4662617877743,4.002122135074924
2018-05-29 17:04:38.596327,84.0021,184.48688009277626,289.75259254738,291.48069704275645,1.195411481063265
2018-05-29 17:04:40.596353,86.0022,173.52717062898648,6.693954283272805,306.7311624500259,0.48451478621784116
2018-05-29 17:04:42.596333,88.0021,238.3853999450667,142.12933744315927,398.9839777825251,1.700176885280923
2018-05-29 17:04:44.596338,90.0021,251.32329477828304,279.2616473891415,494.7681508835109,3.3133511154515216
2018-05-29 17:04:46.596336,92.0021,297.3090731528672,110.27211523789178,662.8357799005097,2.955090182195502
2018-05-29 17:04:48.596330,94.0021,297.7778374584185,305.5218237861263,-30.904141361735896,2.654331003753777
2018-05-29 17:04:50.596379,96.0022,70.17401654103213,294.15897701956237,727.869014557329,3.139970824304941
2018-05-29 17:04:52.596351,98.0022,169.44892117069003,29.325894955290384,317.70024719992676,4.009997375408186
2018-05-29 17:04:54.595820,100.0016,225.71001312295908,192.4371227149266,559.8951384014405,4.074124332407606
2018-05-29 17:04:56.596341,102.0022,230.76329233680227,136.74792321543015,-47.15463728751488,1.3476661275063326
2018-05-29 17:04:58.596339,104.0021,305.2780663472396,193.74028748435927,352.670064394055,2.101689138462478
2018-05-29 17:05:00.596336,106.0021,46.79205298013245,114.60349742118595,33.31656849879451,3.044217902157659
2018-05-29 17:05:02.596340,108.0021,295.1621326334422,264.00805688650166,817.590502639851,3.6328608661152995
2018-05-29 17:05:04.596341,110.0022,297.2059450056459,151.24211554307686,344.2635578478347,3.6134852748191784
2018-05-29 17:05:06.594910,112.0007,62.420654927213356,23.288210699789424,326.0755027924436,1.6838013855403304
2018-05-29 17:05:08.596341,114.0022,72.93972594378491,172.3927610095523,332.95071260719624,2.452699850459304
2018-05-29 17:05:10.596334,116.0021,301.19981688894313,255.6171758171331,-92.12475966673787,0.05262660603656118
2018-05-29 17:05:12.596363,118.0022,190.083925901059,271.6582903530992,408.1405072176275,2.713332804345836
2018-05-29 17:05:14.596339,120.0021,47.28894314401685,105.35009002960295,735.3379924924467,0.8133998229926451
2018-05-29 17:05:16.596340,122.0021,230.2007751701407,269.81135898922696,817.590502639851,4.035498153630177
2018-05-29 17:05:18.596362,124.0022,255.45779595324564,46.7733024079104,876.6235541856136,3.1552212897122107
2018-05-29 17:05:20.596341,126.0021,55.886080507828,20.55062715536973,779.4643391216773,0.7141467940305796
2018-05-29 17:05:22.596335,128.0021,184.393127231666,132.2759117404706,403.577867976928,0.6725205236976227
2018-05-29 17:05:24.596364,130.0022,270.8426404614399,34.16354258857997,388.2023987548448,3.4116041138950775
2018-05-29 17:05:26.596335,132.0021,292.37767265846736,81.0868495742668,710.4309823908201,1.137534714804529
2018-05-29 17:05:28.596345,134.0022,70.32402111880856,140.30115665150913,888.4676656392102,1.5224214606158637
2018-05-29 17:05:30.594700,136.0005,152.8171636097293,100.36243781853695,341.0759605700858,0.13112900173955505
2018-05-29 17:05:32.596339,138.0022,181.41178624835962,269.01445966978974,-87.21835993530075,1.3805421308023318
2018-05-29 17:05:34.596335,140.0021,60.067458113345744,19.547471541489912,264.29236732078004,1.0616573992126226
2018-05-29 17:05:36.596336,142.0021,80.7680898464919,200.5186193426313,24.50379955442976,3.0399677724539935
2018-05-29 17:05:38.596335,144.0021,171.6802392651143,50.54216742454299,214.57209997863703,0.546391674550615
2018-05-29 17:05:40.596341,146.0022,207.23132419812617,30.919693594164862,-85.12454603717154,4.077874446852016
2018-05-29 17:05:42.596341,148.0022,135.51976073488572,285.28995635853147,688.3053071687979,2.2625690481276894
2018-05-29 17:05:44.596348,150.0022,83.2619159520249,206.3875484481338,298.8559221167638,2.069438154240547
2018-05-29 17:05:46.596339,152.0021,77.28985869930112,230.6320383312479,493.8618732261116,3.003841669972839
2018-05-29 17:05:48.596335,154.0021,161.8268135624256,265.4893520920438,-66.2802209540086,3.6066100650044257
2018-05-29 17:05:50.596344,156.0022,15.900485244300668,87.21828669087802,248.19812616351817,2.850086977752007
2018-05-29 17:05:52.596342,158.0022,293.9152195806757,166.8050904873806,558.1763359477524,3.748114383373516
2018-05-29 17:05:54.596336,160.0021,251.1732902005066,145.54194158757286,-39.15439313943907,0.539266457106235
2018-05-29 17:05:56.596339,162.0021,89.65586107974487,55.39856563005463,263.51109347819454,1.8291808221686454
2018-05-29 17:05:58.596344,164.0022,208.59074068422498,200.28423718985565,169.85198522904142,2.5030763878292186
2018-05-29 17:06:00.596338,166.0021,36.79799798577837,85.66198919644765,814.3716544083987,3.4223544419690546
2018-05-29 17:06:02.596338,168.0021,123.74440137943662,208.3188573870052,448.8604998931852,3.664736838892789
2018-05-29 17:06:04.596338,170.0021,169.439545884579,285.32745750297556,757.401165807062,0.7667734000671408
2018-05-29 17:06:06.596340,172.0021,273.79585558641315,193.72153691213722,487.4241767632069,1.3114150212103641
2018-05-29 17:06:08.596336,174.0021,58.37053132724998,299.727896969512,79.94299142429884,2.368947294534135
2018-05-29 17:06:10.596333,176.0021,226.16940214239938,83.34629352702414,270.1675466170232,1.1904113284707176
2018-05-29 17:06:12.596349,178.0022,13.444160283211769,197.8091616565447,49.78582110049746,3.011591906491287
2018-05-29 17:06:14.596346,180.0022,156.82041077913755,235.13217566454054,684.9614551225318,2.7072076174199653
2018-05-29 17:06:16.595125,182.0009,0.5625171666615802,102.68750877407147,178.6022522659993,2.749833918271432
2018-05-29 17:06:18.596336,184.0021,269.0707113864559,299.91540269173254,659.7731864375744,0.9994054994354077
2018-05-29 17:06:20.596380,186.0022,282.22423780022586,270.09261757255774,-72.1866512039552,2.3510717490157784
2018-05-29 17:06:22.596338,188.0021,88.2120670186468,192.37149571214943,798.7774285103916,0.09050276192510759
2018-05-29 17:06:24.596341,190.0021,28.33211462752159,302.75611438337353,503.76842555009614,2.37419745475631
2018-05-29 17:06:26.596342,192.0021,212.68774071474348,221.17237464522233,469.0173650318918,0.13012897122104558
2018-05-29 17:06:28.596347,194.0022,130.29772637104404,106.70013122959075,-83.56199835200049,0.4093874935148168
2018-05-29 17:06:30.596341,196.0021,278.2584917752617,170.60208136234627,443.6728415784173,3.9351200903347885
2018-05-29 17:06:32.596338,198.0021,213.6908963286233,30.216547135837885,704.2432935575426,2.5355773796807766
2018-05-29 17:06:34.596338,200.0021,254.45464033936582,10.190936002685628,25.347575304422136,1.5819232764671776
2018-05-29 17:06:36.596343,202.0022,10.144059572130498,179.60235602893155,50.72334971160009,2.451824823755608
2018-05-29 17:06:38.596343,204.0022,271.6582903530992,245.34186223944823,764.9951475569933,2.183941648609882
2018-05-29 17:06:40.596331,206.0021,57.311123996704,115.67228003784295,864.0294198431349,1.1570353099154638
2018-05-29 17:06:42.596343,208.0022,255.89843440046388,67.87707144383069,565.0827967162083,2.4531998657185583
2018-05-29 17:06:44.596337,210.0021,8.98152409436323,6.131437116611225,890.0614642780847,1.9658099917600027
2018-05-29 17:06:46.596333,212.0021,276.46781212805564,89.77773979918821,-50.62349314859462,2.6264551530503253
2018-05-29 17:06:48.596334,214.0021,25.350773644215217,13.303530991546372,383.8897671437727,0.7173968932157354
2018-05-29 17:06:50.596338,216.0021,130.63523667104099,173.96780907620473,483.2990508743553,1.5325467696157722
2018-05-29 17:06:52.596339,218.0021,286.4149906918546,36.0948515274514,564.5202795495468,3.537482955412458
2018-05-29 17:06:54.596338,220.0021,94.98102359080782,63.02067323831904,174.19586779381694,4.046248481704154
2018-05-29 17:06:56.596345,222.0022,142.9918637653737,163.4956144901883,436.078859828486,3.9711211890011295
2018-05-29 17:06:58.596345,224.0021,174.47407452620013,162.09869685964537,-65.68645283364361,3.23222363963744
2018-05-29 17:07:00.596340,226.0021,39.338700521866514,40.83874629963073,817.5592516861476,2.2278179876094852
2018-05-29 17:07:02.596340,228.0021,223.8349559007538,107.36577654347361,821.9968871120334,3.4484802392651144
2018-05-29 17:07:04.596328,230.0021,96.81857966856899,248.12632221442306,804.8713644825586,0.5815177465132604
2018-05-29 17:07:06.596325,232.0021,238.0385143589587,75.70543534653767,-87.90588091677603,0.6357694021423994
2018-05-29 17:07:08.596332,234.0021,0.15937986388744774,247.3669240394299,-9.622241889706103,3.9241197546311843
2018-05-29 17:07:10.596337,236.0021,255.1202856532487,77.98362987151708,302.32477797784355,2.3843227637562183
2018-05-29 17:07:12.596335,238.0021,168.370763267922,93.88411511581775,348.2636799218726,2.146440504165777
2018-05-29 17:07:14.596330,240.0021,120.67868282113102,44.43885616626484,553.5824457533494,2.5337023224585713
2018-05-29 17:07:16.594843,242.0007,273.13958555864133,33.74165471358379,710.4934842982269,0.7343974120303965
2018-05-29 17:07:18.596339,244.0021,206.02191228980377,192.07148655659657,235.4789880062258,1.3920424817651906
2018-05-29 17:07:20.596340,246.0021,146.4794701986755,7.565855891598254,651.8354441969054,1.6858014465773492
2018-05-29 17:07:22.596340,248.0022,239.32292855616933,129.3601977599414,468.42359691152683,1.918433545945616
2018-05-29 17:07:24.596331,250.0021,126.87574694051942,158.48921170690022,230.26007873775444,0.11400347911008027
2018-05-29 17:07:26.596333,252.0022,197.04038819544053,306.6937345500046,154.35151219214453,0.779398785363323
2018-05-29 17:07:28.596328,254.0021,226.28190557573168,120.69743339335307,556.7700430310983,1.675176122318186
2018-05-29 17:07:30.596325,256.0021,71.8709433271279,75.13354289376507,-65.0926847132786,3.0325925473799864
2018-05-29 17:07:32.596332,258.0021,204.74687337870418,155.15160985137487,318.6690267647328,2.724458143864254
2018-05-29 17:07:34.596326,260.0021,112.07217017120884,234.84154179509872,342.07599108859523,3.221223303933836
2018-05-29 17:07:36.596326,262.0021,91.03402813806574,209.00325327311015,157.2265999328593,3.8164914700766017
2018-05-29 17:07:38.596330,264.0021,118.18485671559802,110.64712668233284,259.7297280800806,3.1414708700827054
2018-05-29 17:07:40.596327,266.0021,116.37542649616992,128.55392315439315,-28.997833185827204,3.6002348704489275
2018-05-29 17:07:42.596349,268.0022,119.95678579058199,268.13318277535325,280.73036896877954,1.1920363780632954
2018-05-29 17:07:44.596346,270.0022,271.66766563921016,142.76685689870908,-42.27948850978118,3.7322388988921786
2018-05-29 17:07:46.596341,272.0022,36.760496841334266,247.50755333109532,570.6454664754174,0.6220189825128941
2018-05-29 17:07:48.595509,274.0013,114.55662099063082,165.97069002349926,252.44825586718343,3.54773326822718
2018-05-29 17:07:50.596327,276.0021,284.0899197363201,281.4929654835658,-94.78109073152868,2.1681911679433576
2018-05-29 17:07:52.596326,278.0021,250.82640461439863,249.3169835505234,241.97918637653737,1.2309125644703514
2018-05-29 17:07:54.596334,280.0021,28.013354899746695,45.36700949125645,705.6495864741966,0.7992743919186988
2018-05-29 17:07:56.596329,282.0021,59.017426068910794,285.36495864741966,297.69963682973724,1.2601634571367535
2018-05-29 17:07:58.596328,284.0021,91.81217688528092,155.32974028748436,288.3556016724143,3.0878442335276346
2018-05-29 17:08:00.596326,286.0021,40.641865291299176,28.097732474745932,223.69737846003602,1.8688070314645835
2018-05-29 17:08:02.596326,288.0021,87.55579699087497,41.823151341288494,75.1615955076754,2.05156260872219
2018-05-29 17:08:04.596340,290.0022,138.15421613208412,261.75798821985535,547.394756920072,2.3558218939786983
2018-05-29 17:08:06.596350,292.0022,102.32187261574144,301.509201330607,659.741935483871,0.9805299233985413
2018-05-29 17:08:08.596346,294.0022,156.79228492080446,58.633039338358714,285.9492782372509,3.0249673146763514
2018-05-29 17:08:10.596346,296.0022,253.65774101992858,247.07629016998808,678.6800134281442,2.5708284554582357
2018-05-29 17:08:12.596338,298.0021,215.34094668416395,232.68522598956267,-94.93734550004578,2.157440839869381
2018-05-29 17:08:14.596336,300.0021,218.57542039246803,181.6836695455794,89.9432966093936,1.8118052919095433
2018-05-29 17:08:16.596340,302.0021,244.69496749778742,52.24846949674978,499.674550614948,1.940309213538011
2018-05-29 17:08:18.596336,304.0021,267.0362743003632,86.2901333658864,509.2373424481948,2.167316141239662
2018-05-29 17:08:20.596346,306.0022,80.78684041871395,210.54080019531847,-61.96758934293649,0.44176348155156103
2018-05-29 17:08:22.596340,308.0021,118.27860957670828,186.6713217566454,172.5083162938322,1.9479344462416457
2018-05-29 17:08:24.596347,310.0022,112.14717246009705,259.498544267098,270.66756187627794,3.592609637745293
2018-05-29 17:08:26.596343,312.0021,300.1310342722861,193.19652088991973,534.4881130405591,0.8118997772148809
2018-05-29 17:08:28.596349,314.0022,257.91412091433455,185.00252082888272,127.47569200720235,3.9092443006683557
2018-05-29 17:08:30.596338,316.0021,10.912833033234657,91.54029358806116,693.8054750205999,0.8927772453993348
2018-05-29 17:08:32.596338,318.0021,296.95281228064823,30.23529770805994,724.1501510666219,3.6964878078554646
2018-05-29 17:08:34.596336,320.0021,0.4781395916623432,160.07363505966367,730.9316080202643,2.768709494308298
2018-05-29 17:08:36.596338,322.0021,92.16843775749993,45.73264564958647,148.2575762199774,3.081969054231392
2018-05-29 17:08:38.596334,324.0021,286.6681234168523,210.54080019531847,112.63148899807734,1.7799293191320538
2018-05-29 17:08:40.596346,326.0022,306.6374828333384,215.7909604174932,101.53740043336285,0.3506357005523851
2018-05-29 17:08:42.596340,328.0021,142.05433515427106,215.48157597582934,36.66042054506059,2.66020618305002
2018-05-29 17:08:44.596331,330.0021,285.46808679464095,284.7368144779809,325.79424420911283,0.37326139103366196
2018-05-29 17:08:46.596331,332.0021,170.12394177068393,103.52190923795281,538.0507217627492,1.3551663563951537
2018-05-29 17:08:48.596329,334.0021,21.460029908139287,150.6889736625263,81.53679006317333,3.7456143070772425
2018-05-29 17:08:50.596341,336.0022,196.24348887600328,102.86563921018097,668.5547044282357,1.282164128543962
2018-05-29 17:08:52.596352,338.0022,250.4607684560686,199.9092257454146,45.1294289986877,0.2548827784051027
2018-05-29 17:08:54.596348,340.0022,253.77024445326091,245.24810937833797,576.8956572161015,2.887338114566485
2018-05-29 17:08:56.596338,342.0021,293.4652058473464,103.59691152684103,151.88268684957427,0.4801396526993622
2018-05-29 17:08:58.596328,344.0021,76.39920651875363,240.57921689504684,446.8604388561663,3.1430959196752832
2018-05-29 17:09:00.596324,346.0021,221.38800622577594,240.4198370311594,310.7312845240638,2.6639562974944306
2018-05-29 17:09:02.596335,348.0021,133.64470351268045,236.4728415784173,647.2415540025025,2.0791884517960146
2018-05-29 17:09:04.596328,350.0021,183.2587176122318,102.65000762962737,812.1215857417524,3.2881003448591573
2018-05-29 17:09:06.596334,352.0021,291.524521622364,40.66061586352122,351.73253578295237,2.079813470870083
2018-05-29 17:09:08.596263,354.0021,200.28423718985565,296.46529740287485,-21.372600482192453,2.0998140812402726
2018-05-29 17:09:10.596328,356.0021,199.20607928708762,79.13679006317331,116.25659962767418,3.2678497268593403
2018-05-29 17:09:12.596331,358.0021,265.2643452253792,84.62133243812372,184.7899410992767,2.418823816644795
2018-05-29 17:09:14.596331,360.0021,301.26544389172034,180.14612262337107,836.7785882137516,1.436668843653676
2018-05-29 17:09:16.596324,362.0021,218.34103823969238,62.373778496658225,515.8312936796167,0.1535046845912046
2018-05-29 17:09:18.596324,364.0021,6.787707144383068,179.66798303170873,897.6241950743125,2.358196966460158
2018-05-29 17:09:20.596329,366.0021,120.35054780724509,202.0092898342845,181.6335947752312,3.689237586596271
2018-05-29 17:09:22.596330,368.0021,136.0447767571032,64.69884945219276,282.79293191320534,0.7738986175115208
2018-05-29 17:09:24.596326,370.0021,198.01541795098728,118.85050202948088,333.32572405163734,3.1493461104159675
2018-05-29 17:09:26.596325,372.0021,49.042121646778774,104.72194586016418,275.94897305215613,0.6033934141056552
2018-05-29 17:09:28.596325,374.0021,200.25611133152256,254.10775475325784,239.947874385815,1.717177404095584
2018-05-29 17:09:30.596322,376.0021,178.63670155949583,48.11396832178716,331.85692922757653,1.3505412152470475
2018-05-29 17:09:32.596332,378.0021,74.02725913266396,263.7267983031709,728.8065431684316,0.10625324259163184
2018-05-29 17:09:34.596333,380.0021,218.6691732535783,11.119089327677237,369.8580889309366,2.3605720389416183
2018-05-29 17:09:36.596334,382.0021,281.34296090578937,163.11122775963622,895.8428907132176,3.033592577898496
2018-05-29 17:09:38.596330,384.0021,104.11255226294747,36.282357249671925,-19.9663075655385,2.464575212866604
2018-05-29 17:09:40.596322,386.0021,82.3712637714774,270.0644917142247,36.69167149876401,0.7820238654744103
2018-05-29 17:09:42.596324,388.0021,16.58488113040559,197.8841639454329,425.547288430433,3.8016160161137735
2018-05-29 17:09:44.596328,390.0021,291.0370067445906,303.20612811670276,-99.15622425000763,1.6960517593920714
2018-05-29 17:09:46.596324,392.0021,131.53526413769953,141.34181340983307,52.692159794915625,0.6856459242530596
2018-05-29 17:09:48.596330,394.0021,227.79132663960692,281.6710959196753,652.991729483932,0.3231348612933745
2018-05-29 17:09:50.596340,396.0022,138.98861659596545,265.9393658253731,283.2616962187567,3.8708681295205545
2018-05-29 17:09:52.596326,398.0021,114.19098483230079,83.98381298257394,501.76836451307713,2.8252112186040836
2018-05-29 17:09:54.596327,400.0021,203.06869716483047,198.3060518204291,102.47492904446545,1.3314156315805536
2018-05-29 17:09:56.596331,402.0021,83.27129123813593,27.525840021973327,906.4369640186774,0.7296472670674765
2018-05-29 17:09:58.596326,404.0021,141.73557542649618,258.3735099337748,112.10022278511917,1.3017897274697106
2018-05-29 17:10:00.596323,406.0021,38.88868678853725,201.23114108706932,464.32972197637866,0.7386475417340618
2018-05-29 17:10:02.596324,408.0021,60.71435285500656,137.12293465987122,707.4933927426985,0.9592792748802149
2018-05-29 17:10:04.596344,410.0022,104.00004882961517,2.700082399975585,779.7768486587115,1.0105308389538257
2018-05-29 17:10:06.596332,412.0021,143.13249305703908,29.9727896969512,836.6535843989379,3.5704839625232707
2018-05-29 17:10:08.596331,414.0021,233.7352580339976,45.61076693014313,632.1785943174535,3.982746543778802
2018-05-29 17:10:10.596330,416.0021,126.12572405163732,172.1115024262215,325.6067384868923,2.8804629047517323
2018-05-29 17:10:12.596316,418.0021,253.29210486159855,67.94269844660786,80.9117709891049,3.033092562639241
2018-05-29 17:10:14.596371,420.0022,252.47645496993925,283.705533005768,464.8609881893368,0.7235220801416059
2018-05-29 17:10:16.596324,422.0021,188.10574053163242,191.7246009704886,671.3360393078402,4.032748069704276
2018-05-29 17:10:18.596335,424.0021,295.72464980010375,10.125308999908444,744.713278603473,3.298475661488693
2018-05-29 17:10:20.596330,426.0021,231.79457380901516,57.42362743003632,710.7747428815577,3.459355571153905
2018-05-29 17:10:22.596322,428.0021,144.95129856257822,297.7028351695303,215.384624774926,2.393573046052431
2018-05-29 17:10:24.596322,430.0021,16.33174840540788,228.8507339701529,697.0243232520523,1.1135339823603017
2018-05-29 17:10:26.596327,432.0021,65.94576250495926,182.15243385113072,649.6478774376659,2.6853319498275705
2018-05-29 17:10:28.596324,434.0021,194.8934476760155,40.585613574633015,415.8594927823725,0.43613830988494523
2018-05-29 17:10:30.594672,436.0005,141.81057771538437,124.588177129429,693.3679616687521,3.280975127414777
2018-05-29 17:10:32.596338,438.0022,50.476540421765804,83.38379467146825,518.4876247444075,2.519201879940184
2018-05-29 17:10:34.596327,440.0021,176.89289834284494,229.957017731254,849.0289620654927,0.5573920102542193
2018-05-29 17:10:36.596326,442.0021,216.24097415082247,252.96396984771263,222.8223517563402,0.12125370036927398
2018-05-29 17:10:38.596328,444.0021,179.57423017059847,270.6176335947752,657.5856196783349,0.0492515030365917
2018-05-29 17:10:40.596334,446.0021,109.46584063234351,111.48152714621418,229.63505966368604,2.730333323160497
2018-05-29 17:10:42.596338,448.0022,249.7107455671865,198.4841822565386,679.0237739188818,3.872368175298319
2018-05-29 17:10:44.596328,450.0021,122.18810388500626,117.53796197393719,161.3517258217109,3.4837313150425735
2018-05-29 17:10:46.595229,452.001,209.9126560258797,46.46391796624653,112.66273995178076,3.3062258980071415
2018-05-29 17:10:48.596332,454.0021,236.06970427564318,74.29914242988373,407.8904995880001,1.3376658223212379
2018-05-29 17:10:50.596335,456.0021,1.7813043610950041,75.83668935209204,29.566454054383996,2.8075856807153543
2018-05-29 17:10:52.596327,458.0021,5.287661366618854,292.4620502334666,47.473250526444275,2.348446668904691
2018-05-29 17:10:54.596325,460.0021,289.8088442640461,292.51830195013275,429.2349009674367,1.9334340037232582
2018-05-29 17:10:56.596341,462.0021,41.71064790795617,85.11822260200812,188.5088045899838,0.6013933530686362
2018-05-29 17:10:58.596346,464.0022,292.84643696401866,19.050581377605518,680.2425611133152,1.8575566881313519
2018-05-29 17:11:00.596345,466.0022,88.01518601031526,14.05355388042848,250.10443433942686,1.8040550553910948
2018-05-29 17:11:02.596342,468.0022,91.88717917416913,208.9938779869991,920.5623950926237,0.30375926999725333
2018-05-29 17:11:04.596333,470.0021,167.31135593737602,96.92170781579027,786.0270393993958,1.1116589251380964
2018-05-29 17:11:06.595624,472.0014,0.8156498916592914,102.84688863795893,153.78899502548296,0.4163877071443831
2018-05-29 17:11:08.596342,474.0022,136.73854792931914,104.60006714072085,377.88958403271585,3.12534537797174
2018-05-29 17:11:10.596348,476.0022,185.82754600665302,290.63386944181644,245.29178746910003,1.396667622913297
2018-05-29 17:11:12.596332,478.0021,280.03042085024566,95.6841700491348,525.206579790643,1.35266628009888
2018-05-29 17:11:14.596327,480.0021,43.05131382183294,209.62202215643788,864.8731955931272,0.9651544541764581
2018-05-29 17:11:16.594746,482.0005,198.3435529648732,53.87976928006836,852.2165593432417,0.3516357310708945
2018-05-29 17:11:18.596338,484.0021,85.8963713492233,259.19853511154514,875.4047669911802,1.4991707510605183
2018-05-29 17:11:20.596341,486.0022,154.43908810693685,110.49712210455641,18.316110721152384,2.5214519486068303
2018-05-29 17:11:22.596347,488.0022,113.88160039063692,99.15302591021455,823.0281685842464,3.5888595233008824
2018-05-29 17:11:24.594982,490.0008,293.0995696890164,121.42870571001312,781.370647297586,3.9053691824091317
2018-05-29 17:11:26.596063,492.0019,141.94183172093875,236.06032898953214,725.6189458906827,2.793710257271035
2018-05-29 17:11:28.596333,494.0021,8.06274605548265,258.27038178655357,563.6765037995544,0.5191408429212317
2018-05-29 17:11:30.596331,496.0021,245.06997894222846,229.79763786736655,825.153233436079,0.21075643177587208
2018-05-29 17:11:32.596328,498.0021,46.220160527359845,13.781670583208715,863.8419141209143,3.928619891964477
2018-05-29 17:11:34.596328,500.0021,197.3122714926603,191.19958494827114,525.9253517258217,2.2353182164983063
2018-05-29 17:11:36.596327,502.0021,199.99360332041383,271.2176519058809,-48.842188787499616,2.285694753868221
2018-05-29 17:11:38.596327,504.0021,264.6549516281625,299.79352397228917,205.85308389538255,0.6722705160679953
2018-05-29 17:11:40.596331,506.0021,59.19555650502029,41.46689046906949,592.0836207159642,0.9056526383251443
2018-05-29 17:11:42.596333,508.0021,291.8151554918058,121.49433271279031,-69.21781060213019,1.140659810174871
2018-05-29 17:11:44.596332,510.0021,187.44009521774956,112.83156834620198,739.7756279183325,3.396478652302622
2018-05-29 17:11:46.596328,512.0021,273.4395947141942,42.95756096072268,337.4508499404889,2.1204397106845305
2018-05-29 17:11:48.596346,514.0022,39.12306894131291,226.28190557573168,383.1084933011872,3.3731029389324627
2018-05-29 17:11:50.596346,516.0022,178.21481368449966,171.92399670400098,33.03530991546373,1.1661605883968629
2018-05-29 17:11:52.595964,518.0018,278.00535905026396,37.86678060243538,547.7385174108097,1.1849111606189155
2018-05-29 17:11:54.596327,520.0021,49.64213995788446,268.1894344920194,824.0594500564592,0.9395286721396527
2018-05-29 17:11:56.596328,522.0021,179.68673360393078,77.41173741874447,774.839197973571,0.05512668233283487
2018-05-29 17:11:58.596330,524.0021,100.29681081575976,100.95308084353161,416.265755180517,1.2336626483962525
2018-05-29 17:12:00.596334,526.0021,298.4528580584124,107.35640125736259,28.19141209143345,2.863212378307444
2018-05-29 17:12:02.596342,528.0022,29.700906399731437,272.2489333780938,793.7460249641407,1.9639349345377974
2018-05-29 17:12:04.596344,530.0022,232.90085757011627,164.91128269295328,481.51774651326025,2.5777036652729883
2018-05-29 17:12:06.596329,532.0021,298.8372447889645,157.42980437635427,249.51066621906187,3.934870082705161
2018-05-29 17:12:08.596338,534.0021,137.760454115421,117.30357982116153,705.5245826593829,0.6030184026612141
2018-05-29 17:12:10.596338,536.0021,101.03745841853083,9.065901669362468,381.5459456160161,0.9936553239539782
2018-05-29 17:12:12.596336,538.0021,231.32580950346386,189.45578173162022,322.3566393017365,0.36063600573747984
2018-05-29 17:12:14.596337,540.0021,302.1842219306009,108.94082461012604,538.8944975127415,1.515546250801111
2018-05-29 17:12:16.596339,542.0021,141.26681112094485,227.41631519516588,201.10293893246256,0.7978993499557482
2018-05-29 17:12:18.596328,544.0021,252.53270668660542,107.58140812402722,305.324869533372,2.573453535569323
2018-05-29 17:12:20.596329,546.0021,36.0948515274514,172.15837885677664,488.39295632801293,1.250038148136845
2018-05-29 17:12:22.596329,548.0021,107.90954313791315,104.03754997405926,627.5222022156438,3.4006037781914733
2018-05-29 17:12:24.596330,550.0021,39.28244880520035,143.67625965147863,428.48487807855463,3.9643709830011904
2018-05-29 17:12:26.596329,552.0021,157.57980895413067,37.18238471633045,-17.153721732230593,2.6797067781609547
2018-05-29 17:12:28.596327,554.0021,168.9426557206946,255.45779595324564,0.5655690176091781,0.12362877285073398
2018-05-29 17:12:30.596332,556.0022,48.901492355113376,188.75263527329327,869.7170934171575,3.4139791863765376
2018-05-29 17:12:32.596336,558.0021,168.27701040681174,179.4804773094882,163.63304544206062,1.5261715750602742
2018-05-29 17:12:34.596334,560.0021,200.29361247596668,242.51052583391828,649.2416150395214,3.5027318948942536
2018-05-29 17:12:36.596335,562.0021,38.07303689687796,90.34963225196081,-54.52986236152226,3.0189671315652946
2018-05-29 17:12:38.596332,564.0021,253.5921140171514,18.48806421094394,260.354747154149,2.168066164128544
2018-05-29 17:12:40.596326,566.0021,262.57363811151464,201.1936399426252,900.624286629841,1.0245312662129582
2018-05-29 17:12:42.596332,568.0021,211.6283333841975,224.8287362285226,-63.405133213293865,3.2680997344889677
2018-05-29 17:12:44.596335,570.0021,33.9947874385815,82.20250862147893,512.0499282815027,0.4561389202551348
2018-05-29 17:12:46.596334,572.0021,220.82548905911435,4.078249458296456,275.1364482558672,2.2360682393871887
2018-05-29 17:12:48.596327,574.0021,88.4558244575335,161.37679982909634,765.8389233069856,3.09684450819422
2018-05-29 17:12:50.596325,576.0021,282.7117526779992,216.3909787285989,497.1119724112674,3.6231105685598317
2018-05-29 17:12:52.596325,578.0021,87.1057832575457,79.37117221594897,163.85180211798456,2.757334147160253
2018-05-29 17:12:54.596341,580.0022,169.6176763206885,74.95541245765557,672.6798303170873,1.6254246040223397
2018-05-29 17:12:56.596348,582.0022,156.3703970458083,287.258766441847,212.88454847865228,2.636830469679861
2018-05-29 17:12:58.596356,584.0022,176.28350474562822,222.44741355632192,343.73229163487656,3.0584683370464187
2018-05-29 17:13:00.596356,586.0022,208.6657429731132,128.56329844050416,136.91348002563555,0.8377755668813136
2018-05-29 17:13:02.596332,588.0021,67.34268013550218,81.94937589648121,629.8347727896969,2.7599592272713402
2018-05-29 17:13:04.596325,590.0021,146.2357127597888,282.6179998168889,390.79622791222874,2.5509528489028597
2018-05-29 17:13:06.596330,592.0021,78.54614703817866,108.22830286568804,292.3244727927488,3.3169762260811186
2018-05-29 17:13:08.596365,594.0022,215.4346995452742,258.5797662282174,494.8306527909177,0.6888960234382153
2018-05-29 17:13:10.596329,596.0021,110.22523880733665,146.00133060701316,718.2437208166754,1.2624135258034
2018-05-29 17:13:12.596327,598.0021,202.7218115787225,141.51056855983154,451.70433668019655,0.46876430555131693
2018-05-29 17:13:14.596342,600.0022,6.262691122165593,267.16752830591753,543.1133762627034,0.13837922299874875
2018-05-29 17:13:16.596341,602.0022,24.57262489700003,47.795208594012266,294.2620319223609,2.6094546342356644
2018-05-29 17:13:18.596341,604.0021,193.42152775658437,218.24728537858212,54.84847560045168,3.8308669087801754
2018-05-29 17:13:20.595427,606.0012,203.37808160649433,52.68910794396802,731.1503646961883,2.0834385814996796
2018-05-29 17:13:22.596336,608.0021,173.62092349009674,129.3226966154973,357.8264717551195,3.899994018372143
2018-05-29 17:13:24.596340,610.0021,32.85100253303629,307.0406201361126,318.48152104251227,1.2317875911740472
2018-05-29 17:13:26.596341,612.0021,194.76219367046113,64.04257942442091,263.4173406170843,1.5922985930967133
2018-05-29 17:13:28.596343,614.0021,295.2465102084414,157.32667622913297,720.9313028351695,1.7010519119846188
2018-05-29 17:13:30.596336,616.0021,179.38672444837795,45.34825891903439,864.0606707968383,0.2556328012939848
2018-05-29 17:13:32.596332,618.0021,80.70246284371471,52.26722006897183,547.0822473830378,3.7092381969664605
2018-05-29 17:13:34.596323,620.0021,92.80595721304971,250.61077303384502,-96.93740653706473,2.0306869716483047
2018-05-29 17:13:36.596321,622.0021,276.6084414197211,287.5775261696219,415.57823419904173,2.759709219641713
2018-05-29 17:13:38.596339,624.0021,17.259901730399488,225.8225165562914,401.89031647694327,1.4449190954313793
2018-05-29 17:13:40.596337,626.0021,182.92120731223488,86.56201666310618,373.6394543290506,3.5062320017090367
2018-05-29 17:13:42.594733,628.0005,28.18211004974517,229.55388042847989,482.2052674947356,0.04962651448103275
2018-05-29 17:13:44.596330,630.0021,112.82219306009094,40.8293710135197,381.26468703268534,1.4514192938016908
2018-05-29 17:13:46.596342,632.0022,54.12352671895505,82.09938047425764,433.0162663655507,1.3759169896542254
2018-05-29 17:13:48.596332,634.0021,163.86125064851834,202.34680013428144,641.5226294747764,2.121064729758599
2018-05-29 17:13:50.596335,636.0021,200.33111362041078,132.71655018768882,835.3722952970977,2.780959868160039
2018-05-29 17:13:52.596328,638.0021,236.31346171452986,110.1689870906705,55.848506118961154,0.3452605365153966
2018-05-29 17:13:54.596328,640.0021,103.91567125461593,254.64214606158635,626.3659169286173,1.2622885219885862
2018-05-29 17:13:56.595724,642.0015,190.4776879177221,261.55173192541275,92.53712576677756,0.8138998382518998
2018-05-29 17:13:58.596327,644.0021,221.06924649800104,4.715768913846247,80.3492538224433,1.3745419476912748
2018-05-29 17:14:00.596325,646.0021,206.83756218146306,246.99191259498886,462.64217047639397,3.332601702932829
2018-05-29 17:14:02.596327,648.0021,167.22697836237677,198.27792596209602,736.5880306405835,1.1912863551744133
2018-05-29 17:14:04.596328,650.0021,193.17777031769768,244.0855739005707,155.41404461806084,3.5241075472273935
2018-05-29 17:14:06.596334,652.0021,172.19588000122073,146.99511093478193,402.14032410657063,4.053498702963347
2018-05-29 17:14:08.596341,654.0022,207.76571550645465,19.39746696371349,394.8901028473769,0.05212659077730644
2018-05-29 17:14:10.596334,656.0021,181.10240180669575,132.32278817102573,51.16086306344798,0.21650660725730156
2018-05-29 17:14:12.596331,658.0021,216.83161717581714,39.048066652424694,378.1708426160466,3.8673680227057714
2018-05-29 17:14:14.596330,660.0021,118.70049745170446,267.8425489059114,856.5604419080172,4.005372234260079
2018-05-29 17:14:16.596330,662.0021,280.9210730307932,281.8867275002289,776.7142551957762,1.8359310281685843
2018-05-29 17:14:18.596340,664.0021,18.206805627613146,256.74221015045623,360.60780663472394,3.857992736594745
2018-05-29 17:14:20.596331,666.0021,35.954222235786006,120.59430524613178,780.4643696401868,0.09962804040650655
2018-05-29 17:14:22.596342,668.0022,0.028125858333079012,91.49341715750603,167.35190893276774,1.8553066194647054
2018-05-29 17:14:24.596340,670.0022,224.16309091463972,60.99561143833735,470.11114841151164,2.12618988616596
2018-05-29 17:14:26.596333,672.0021,203.55621204260385,227.7444502090518,688.7740714743492,1.161785454878384
2018-05-29 17:14:28.596333,674.0021,218.80980254524368,99.55616321298868,772.0266121402631,0.4977651905880917
2018-05-29 17:14:30.596335,676.0021,7.8096133304849396,193.13089388714255,843.4037903988769,2.550077822199164
2018-05-29 17:14:32.596336,678.0021,87.71517685476242,33.50727256080813,481.7365031891842,1.3246654255806147
2018-05-29 17:14:34.596334,680.0021,80.35557725760674,133.72908108767967,542.3633533738213,0.4407634510330516
2018-05-29 17:14:36.596341,682.0022,83.23379009369182,209.84702902310252,667.8046815393536,1.5755480819116796
2018-05-29 17:14:38.596364,684.0022,303.281130405591,35.63546250801111,106.60005493331707,1.420793359172338
2018-05-29 17:14:40.596328,686.0021,176.6678914761803,40.304354991302226,35.66039002655111,0.761148228400525
2018-05-29 17:14:42.596329,688.0021,197.32164677877134,19.622473830378123,-19.466292306283762,0.6132687154759362
2018-05-29 17:14:44.596330,690.0021,230.81954405346843,67.80206915494247,877.0923184911649,2.5773286538285474
2018-05-29 17:14:46.596331,692.0021,102.19061861018707,121.87871944334239,30.410229804376343,0.5395164647358623
2018-05-29 17:14:48.596322,694.0021,270.01761528366956,192.45587328714865,508.54982146671955,3.8411172215948977
2018-05-29 17:14:50.596334,696.0021,47.24206671346172,10.678450880458998,225.1349223303934,0.41488766136661887
2018-05-29 17:14:52.596326,698.0021,273.9552354503006,103.79379253517259,809.7777642139957,3.7532395397808775
2018-05-29 17:14:54.596330,700.0021,42.27316507461776,181.15865352336192,411.7343668935209,0.4146376537369915
2018-05-29 17:14:56.596323,702.0021,178.36481826227606,242.2761436811426,775.3079622791223,1.72042750328074
2018-05-29 17:14:58.596324,704.0021,192.1839899899289,43.970091860713524,685.6177251503036,1.3675417340617086
2018-05-29 17:15:00.596328,706.0021,138.3323465681936,150.52959379863887,239.91662343211158,1.028156376842555
2018-05-29 17:15:02.596323,708.0021,40.69811700796533,122.40373546555986,-88.03088473158971,3.8721181676686913
2018-05-29 17:15:04.596332,710.0021,38.11991332743309,123.68814966277047,-21.185094759971918,1.5536724143192848
2018-05-29 17:15:06.596324,712.0021,6.075185399945067,208.8813745536668,584.1771294289987,0.49026496169927064
